<?xml version="1.0" encoding="UTF-8"?>
<beans xmlns="http://www.springframework.org/schema/beans"
	xmlns:xsi="http://www.w3.org/2001/XMLSchema-instance"
	xmlns:context="http://www.springframework.org/schema/context"
	xmlns:mybatis-spring="http://mybatis.org/schema/mybatis-spring"
	xsi:schemaLocation="http://mybatis.org/schema/mybatis-spring http://mybatis.org/schema/mybatis-spring-1.2.xsd
		http://www.springframework.org/schema/beans http://www.springframework.org/schema/beans/spring-beans.xsd
		http://www.springframework.org/schema/context http://www.springframework.org/schema/context/spring-context-4.3.xsd">

	<!-- Database 설정 -->
	
	<!-- 구조 : controller -> service -> mapper -> -->
	<!-- HikariCP Connection poll bean 셋팅 -->
	<bean id="hikariConfig" class="com.zaxxer.hikari.HikariConfig">
		<property name="driverClassName" value="oracle.jdbc.OracleDriver" />
		<property name="jdbcUrl" value="jdbc:oracle:thin:@localhost:1521:xe" />
		<property name="username" value="hr" />
		<property name="password" value="hr" />
	</bean>
	
	<!-- 커넥션 pool을 사용할 dataSource bean 셋팅 -->
	<bean id="dataSource" class="com.zaxxer.hikari.HikariDataSource" destroy-method="close">
		<constructor-arg ref="hikariConfig"/>
	</bean>
	
	<!-- DB Connction 및 SQL전달/리턴을 위한 SQLSession을 만들어내는 SQLSessionFactory bean 셋팅 -->
	<bean id="sqlSessionFactory" class="org.mybatis.spring.SqlSessionFactoryBean">
		<property name="dataSource" ref="dataSource" />
		<property name="mapperLocations" value="classpath*:mappers/*.xml" />
		<property name="configLocation" value="classpath:/mybatis-config.xml" />
	</bean>
	
	<!-- base-package에 정의된 package 내 클래스 및 xml을 SQL 처리를 위한 mapper로 인식 -->
	<mybatis-spring:scan base-package="com.camping.bit.dao" />
	
	<!-- base-package에 정의된 package 소스 중 @component가 작성된 Class를 bean으로 인식 -->
	<context:component-scan base-package="com.camping.bit.service" />

</beans>