<?xml version="1.0" encoding="UTF-8"?>
<beans xmlns="http://www.springframework.org/schema/beans"
	xmlns:xsi="http://www.w3.org/2001/XMLSchema-instance"
    xmlns:beans="http://www.springframework.org/schema/beans"
	xmlns:context="http://www.springframework.org/schema/context"
	xmlns:mvc="http://www.springframework.org/schema/mvc"
	xsi:schemaLocation="http://www.springframework.org/schema/mvc http://www.springframework.org/schema/mvc/spring-mvc-4.3.xsd
		http://www.springframework.org/schema/beans http://www.springframework.org/schema/beans/spring-beans.xsd
		http://www.springframework.org/schema/context http://www.springframework.org/schema/context/spring-context-4.3.xsd">

	<!-- spring MVC annotation(주석문, 지시문)을 사용하기 위한 설정 -->
	<context:annotation-config />	
		
	<!-- annotation 인식 -->
	<mvc:annotation-driven />
	
	<!--  https://pangtrue.tistory.com/143  -->
    <mvc:resources mapping="/resources/**" location="/resources/" />
		 
	 <bean id="tilesConfigurer" class="org.springframework.web.servlet.view.tiles3.TilesConfigurer">
      <property name="definitions">
      <!-- jsp를 모아주는 파일을 넣는다 -->
         <list>
            <value>/WEB-INF/views/layouts.xml</value>
         </list>
      </property>
   </bean>
   
   <bean id="viewResolver" class="org.springframework.web.servlet.view.UrlBasedViewResolver">
      <property name="requestContextAttribute" value="requestContext"/>
      <property name="viewClass" value="org.springframework.web.servlet.view.tiles3.TilesView"/>
   </bean>	 
	
	<!-- base-package : 스프링에서 사용할 공통 패키지 설정 -->
	<context:component-scan base-package="com.camping.bit.controller"/>
	
<!--  spring에서 처리할 수 없는 요청은 tomcat에 위임 -->
	<mvc:default-servlet-handler/>

    <beans:bean id="naverLoginBo" class="com.camping.bit.oauth.bo.NaverLoginBO"/>
    <beans:bean id="kakaoLoginBo" class="com.camping.bit.oauth.bo.KakaoLoginBO"/>

    <mvc:interceptors>
        <mvc:interceptor>
            <mvc:mapping path="/community/*.do"/>
            <bean id="loginInterceptor" class="com.camping.bit.interceptor.LoginInterceptor"/>
        </mvc:interceptor>
    </mvc:interceptors>

</beans>