<?xml version="1.0" encoding="UTF-8"?>
<!DOCTYPE mapper
  PUBLIC "-//mybatis.org//DTD Mapper 3.0//EN"
  "http://mybatis.org/dtd/mybatis-3-mapper.dtd">
  
  <mapper namespace="com.camping.bit.dao.MemberDao">
  	<select id="getMember" parameterType="String" resultType="MemberDto">
  		SELECT ID, USERNAME, PASSWORD AS PWD, NICKNAME, PHONE, EMAIL, CREATE_DATE, SNS_TYPE, AUTH FROM MEMBER WHERE ID = #{id}
  	</select>

	<select id="idCheck" resultType="boolean">
		SELECT COUNT(*) FROM MEMBER WHERE ID = #{id}
	</select>

	<select id="nicknameCheck" resultType="boolean">
		SELECT COUNT(*) FROM MEMBER WHERE NICKNAME = #{nickname}
	</select>

	<select id="emailCheck" resultType="boolean">
		SELECT COUNT(*) FROM MEMBER WHERE EMAIL = #{email}
	</select>

	<select id="login" parameterType="MemberDto" resultType="boolean">
		SELECT COUNT(*) FROM MEMBER WHERE ID = #{id} AND PASSWORD = #{pwd}
	</select>

	<insert id="addMember" parameterType="MemberDto">
		<choose>
			<when test='sns_Type.equals("none")'>
				INSERT INTO MEMBER (ID, USERNAME, PASSWORD, NICKNAME, PHONE, EMAIL, CREATE_DATE, SNS_TYPE, AUTH)
				VALUES (#{id}, #{username}, #{pwd}, #{nickname}, #{phone}, #{email}, SYSDATE, #{sns_Type}, 0)
			</when>
			<otherwise>
				INSERT INTO MEMBER (ID, USERNAME, NICKNAME, PHONE, EMAIL, CREATE_DATE, SNS_TYPE, AUTH)
				VALUES (#{id}, #{username}, #{nickname}, #{phone}, #{email}, SYSDATE, #{sns_Type}, 0)
			</otherwise>
		</choose>
	</insert>

	<select id="findId" parameterType="MemberDto" resultType="String">
		SELECT ID FROM MEMBER WHERE USERNAME = #{username} AND EMAIL = #{email}
	</select>

	<select id="findPw" parameterType="MemberDto" resultType="String">
		SELECT ID FROM MEMBER WHERE ID = #{id} AND EMAIL = #{email}
	</select>

	<select id="updatePw" parameterType="MemberDto">
		UPDATE MEMBER SET PASSWORD = #{pwd} WHERE id = #{id}
	</select>

  </mapper>
  
  