<?xml version="1.0" encoding="UTF-8"?>
<!DOCTYPE configuration 
PUBLIC "-//mybatis.org//DTD Config 3.0//EN" 
"http://mybatis.org/dtd/mybatis-3-config.dtd">

<configuration>
 	<typeAliases>

        <!-- 동준 -->
        <typeAlias type="com.camping.bit.dto.MemberDto" alias="MemberDto" />

        <!-- 효경 -->
        <typeAlias type="com.camping.bit.dto.CampingListDto" alias = "CampingListDto"/>
        <typeAlias type="com.camping.bit.dto.CampingDetailDto" alias = "CampingDetailDto"/>
        <typeAlias type ="com.camping.bit.dto.CampingParam" alias = "CampingParam"/>
        <typeAlias type ="com.camping.bit.dto.CampingImageDto" alias = "CampingImageDto"/>

        <!-- 영신 -->
        <typeAlias type="com.camping.bit.dto.ProductDetailDto" alias="ProductDetailDto" />
        <typeAlias type="com.camping.bit.dto.ProductRentDto" alias="ProductRentDto" />
        <typeAlias type="com.camping.bit.dto.ProductOptionDto" alias="ProductOptionDto" />

        <!-- 민경 -->
        <typeAlias type="com.camping.bit.dto.CommunityDto" alias = "CommunityDto"/>
        <typeAlias type="com.camping.bit.dto.CommunityParam" alias = "CommunityParam"/>


    </typeAliases>	
</configuration>